accuracy@10,precision@10,ap@10
0.48400000000000054,0.48400000000000054,0.25397708333333324
