accuracy@10,precision@10,ap@10
0.7304999999999993,0.7304999999999993,0.6339580357142868
