accuracy@10,precision@10,ap@10
0.004500000000000001,0.004500000000000001,0.0014273809523809528
