accuracy@10,precision@10,ap@10
0.3098749999999992,0.3098749999999992,0.24490272817460335
