accuracy@10,precision@10,ap@10
0.050500000000000045,0.050500000000000045,0.015834325396825374
